#{"t_start": 1640710052.1754951, "env_id": "NavOmnibase-v1"}
r,l,t
-2.965925,1000,18.169068
-4.414501,1000,33.137933
